SrNo.;Institute;Program
1;Dr. B R Ambedkar National Institute of Technology, Jalandhar;Textile Technology (4 Years, Bachelor of Technology)
2;Dr. B R Ambedkar National Institute of Technology, Jalandhar;Civil Engineering (4 Years, Bachelor of Technology)
3;Dr. B R Ambedkar National Institute of Technology, Jalandhar;Electronics and VLSI Engineering (4 Years, Bachelor of Technology)
4;Dr. B R Ambedkar National Institute of Technology, Jalandhar;Electronics and Communication Engineering (4 Years, Bachelor of Technology)
5;Dr. B R Ambedkar National Institute of Technology, Jalandhar;Industrial and Production Engineering (4 Years, Bachelor of Technology)
6;Dr. B R Ambedkar National Institute of Technology, Jalandhar;Mathematics and Computing (4 Years, Bachelor of Technology)
7;Dr. B R Ambedkar National Institute of Technology, Jalandhar;Mechanical Engineering (4 Years, Bachelor of Technology)
8;Dr. B R Ambedkar National Institute of Technology, Jalandhar;Bio Technology (4 Years, Bachelor of Technology)
9;Dr. B R Ambedkar National Institute of Technology, Jalandhar;Computer Science and Engineering (4 Years, Bachelor of Technology)
10;Dr. B R Ambedkar National Institute of Technology, Jalandhar;Instrumentation and Control Engineering (4 Years, Bachelor of Technology)
11;Dr. B R Ambedkar National Institute of Technology, Jalandhar;Electrical Engineering (4 Years, Bachelor of Technology)
12;Dr. B R Ambedkar National Institute of Technology, Jalandhar;Chemical Engineering (4 Years, Bachelor of Technology)
13;Dr. B R Ambedkar National Institute of Technology, Jalandhar;Information Technology (4 Years, Bachelor of Technology)
14;Dr. B R Ambedkar National Institute of Technology, Jalandhar;Data Science and Engineering (4 Years, Bachelor of Technology)
15;Malaviya National Institute of Technology Jaipur;Computer Science and Engineering (4 Years, Bachelor of Technology)
16;Malaviya National Institute of Technology Jaipur;Mechanical Engineering (4 Years, Bachelor of Technology)
17;Malaviya National Institute of Technology Jaipur;Chemical Engineering (4 Years, Bachelor of Technology)
18;Malaviya National Institute of Technology Jaipur;Metallurgical and Materials Engineering (4 Years, Bachelor of Technology)
19;Malaviya National Institute of Technology Jaipur;Electrical Engineering (4 Years, Bachelor of Technology)
20;Malaviya National Institute of Technology Jaipur;Electronics and Communication Engineering (4 Years, Bachelor of Technology)
21;Malaviya National Institute of Technology Jaipur;Civil Engineering (4 Years, Bachelor of Technology)
22;Malaviya National Institute of Technology Jaipur;Artificial Intelligence and Data Engineering (4 Years, Bachelor of Technology)
23;Maulana Azad National Institute of Technology Bhopal;Computer Science and Engineering (4 Years, Bachelor of Technology)
24;Maulana Azad National Institute of Technology Bhopal;Electrical Engineering (4 Years, Bachelor of Technology)
25;Maulana Azad National Institute of Technology Bhopal;Chemical Engineering (4 Years, Bachelor of Technology)
26;Maulana Azad National Institute of Technology Bhopal;Materials Science and Metallurgical Engineering (4 Years, Bachelor of Technology)
27;Maulana Azad National Institute of Technology Bhopal;Mathematics and Data Science (5 Years, Bachelor and Master of Technology (Dual Degree))
28;Maulana Azad National Institute of Technology Bhopal;Civil Engineering (4 Years, Bachelor of Technology)
29;Maulana Azad National Institute of Technology Bhopal;Electronics and Communication Engineering (4 Years, Bachelor of Technology)
30;Maulana Azad National Institute of Technology Bhopal;Mechanical Engineering (4 Years, Bachelor of Technology)
31;Motilal Nehru National Institute of Technology Allahabad;Electronics and Communication Engineering (4 Years, Bachelor of Technology)
32;Motilal Nehru National Institute of Technology Allahabad;Civil Engineering (4 Years, Bachelor of Technology)
33;Motilal Nehru National Institute of Technology Allahabad;Materials Engineering (4 Years, Bachelor of Technology)
34;Motilal Nehru National Institute of Technology Allahabad;Engineering and Computational Mechanics (4 Years, Bachelor of Technology)
35;Motilal Nehru National Institute of Technology Allahabad;Mechanical Engineering (4 Years, Bachelor of Technology)
36;Motilal Nehru National Institute of Technology Allahabad;Bio Technology (4 Years, Bachelor of Technology)
37;Motilal Nehru National Institute of Technology Allahabad;Computer Science and Engineering (4 Years, Bachelor of Technology)
38;Motilal Nehru National Institute of Technology Allahabad;Chemical Engineering (4 Years, Bachelor of Technology)
39;Motilal Nehru National Institute of Technology Allahabad;Production and Industrial Engineering (4 Years, Bachelor of Technology)
40;Motilal Nehru National Institute of Technology Allahabad;Electrical Engineering (4 Years, Bachelor of Technology)
41;National Institute of Technology Agartala;Computer Science and Engineering (4 Years, Bachelor of Technology)
42;National Institute of Technology Agartala;Physics (5 Years, Bachelor of Science and Master of Science (Dual Degree))
43;National Institute of Technology Agartala;Electronics and Instrumentation Engineering (4 Years, Bachelor of Technology)
44;National Institute of Technology Agartala;Mechanical Engineering (4 Years, Bachelor of Technology)
45;National Institute of Technology Agartala;Chemical Engineering (4 Years, Bachelor of Technology)
46;National Institute of Technology Agartala;Chemistry (5 Years, Bachelor of Science and Master of Science (Dual Degree))
47;National Institute of Technology Agartala;Mathematics & Computing (5 Years, Bachelor of Science and Master of Science (Dual Degree))
48;National Institute of Technology Agartala;Computational Mathematics (5 Years, Bachelor and Master of Technology (Dual Degree))
49;National Institute of Technology Agartala;Engineering Physics (5 Years, Bachelor and Master of Technology (Dual Degree))
50;National Institute of Technology Agartala;Electrical Engineering (4 Years, Bachelor of Technology)
51;National Institute of Technology Agartala;Biotechnology and Biochemical Engineering (4 Years, Bachelor of Technology)
52;National Institute of Technology Agartala;Electronics and Communication Engineering (4 Years, Bachelor of Technology)
53;National Institute of Technology Agartala;Production Engineering (4 Years, Bachelor of Technology)
54;National Institute of Technology Agartala;Civil Engineering (4 Years, Bachelor of Technology)
55;National Institute of Technology Calicut;Engineering Physics (4 Years, Bachelor of Technology)
56;National Institute of Technology Calicut;Chemical Engineering (4 Years, Bachelor of Technology)
57;National Institute of Technology Calicut;Materials Science and Engineering (4 Years, Bachelor of Technology)
58;National Institute of Technology Calicut;Production Engineering (4 Years, Bachelor of Technology)
59;National Institute of Technology Calicut;Civil Engineering (4 Years, Bachelor of Technology)
60;National Institute of Technology Calicut;Electronics and Communication Engineering (4 Years, Bachelor of Technology)
61;National Institute of Technology Calicut;Bio Technology (4 Years, Bachelor of Technology)
62;National Institute of Technology Calicut;Mechanical Engineering (4 Years, Bachelor of Technology)
63;National Institute of Technology Calicut;Computer Science and Engineering (4 Years, Bachelor of Technology)
64;National Institute of Technology Calicut;Electrical and Electronics Engineering (4 Years, Bachelor of Technology)
65;National Institute of Technology Delhi;Electronics and Communication Engineering (4 Years, Bachelor of Technology)
66;National Institute of Technology Delhi;Computer Science and Engineering (4 Years, Bachelor of Technology)
67;National Institute of Technology Delhi;Artificial Intelligence and Data Science (4 Years, Bachelor of Technology)
68;National Institute of Technology Delhi;Mechanical Engineering (4 Years, Bachelor of Technology)
69;National Institute of Technology Delhi;Aerospace Engineering (4 Years, Bachelor of Technology)
70;National Institute of Technology Delhi;Civil Engineering (4 Years, Bachelor of Technology)
71;National Institute of Technology Delhi;VLSI Design and Technology (4 Years, Bachelor of Technology)
72;National Institute of Technology Delhi;Electrical Engineering (4 Years, Bachelor of Technology)
73;National Institute of Technology Durgapur;B.Tech in Mathematics and Computing (4 Years, Bachelor of Technology)
74;National Institute of Technology Durgapur;Metallurgical and Materials Engineering (4 Years, Bachelor of Technology)
75;National Institute of Technology Durgapur;Biotechnology (5 Years, Bachelor and Master of Technology (Dual Degree))
76;National Institute of Technology Durgapur;Electrical Engineering (4 Years, Bachelor of Technology)
77;National Institute of Technology Durgapur;Chemical Engineering (4 Years, Bachelor of Technology)
78;National Institute of Technology Durgapur;Chemical Engineering (5 Years, Bachelor and Master of Technology (Dual Degree))
79;National Institute of Technology Durgapur;Electronics and Communication Engineering (4 Years, Bachelor of Technology)
80;National Institute of Technology Durgapur;Civil Engineering (4 Years, Bachelor of Technology)
81;National Institute of Technology Durgapur;Chemistry (5 Years, Integrated Master of Science)
82;National Institute of Technology Durgapur;Bio Technology (4 Years, Bachelor of Technology)
83;National Institute of Technology Durgapur;Computer Science and Engineering (4 Years, Bachelor of Technology)
84;National Institute of Technology Durgapur;Mechanical Engineering (4 Years, Bachelor of Technology)
85;National Institute of Technology Goa;Electronics and Communication Engineering (4 Years, Bachelor of Technology)
86;National Institute of Technology Goa;Civil Engineering (4 Years, Bachelor of Technology)
87;National Institute of Technology Goa;Mechanical Engineering (4 Years, Bachelor of Technology)
88;National Institute of Technology Goa;Computer Science and Engineering (4 Years, Bachelor of Technology)
89;National Institute of Technology Goa;Electrical and Electronics Engineering (4 Years, Bachelor of Technology)
90;National Institute of Technology Hamirpur;Mathematics and Computing (4 Years, Bachelor of Technology)
91;National Institute of Technology Hamirpur;Computer Science and Engineering (5 Years, Bachelor and Master of Technology (Dual Degree))
92;National Institute of Technology Hamirpur;Computer Science and Engineering (4 Years, Bachelor of Technology)
93;National Institute of Technology Hamirpur;Mechanical Engineering (4 Years, Bachelor of Technology)
94;National Institute of Technology Hamirpur;Electrical Engineering (4 Years, Bachelor of Technology)
95;National Institute of Technology Hamirpur;Engineering Physics (4 Years, Bachelor of Technology)
96;National Institute of Technology Hamirpur;Materials Science and Engineering (4 Years, Bachelor of Technology)
97;National Institute of Technology Hamirpur;Chemical Engineering (4 Years, Bachelor of Technology)
98;National Institute of Technology Hamirpur;Electronics and Communication Engineering (5 Years, Bachelor and Master of Technology (Dual Degree))
99;National Institute of Technology Hamirpur;Electronics and Communication Engineering (4 Years, Bachelor of Technology)
100;National Institute of Technology Hamirpur;Civil Engineering (4 Years, Bachelor of Technology)
101;National Institute of Technology Karnataka, Surathkal;Artificial Intelligence (4 Years, Bachelor of Technology)
102;National Institute of Technology Karnataka, Surathkal;Computer Science and Engineering (4 Years, Bachelor of Technology)
103;National Institute of Technology Karnataka, Surathkal;Electrical and Electronics Engineering (4 Years, Bachelor of Technology)
104;National Institute of Technology Karnataka, Surathkal;Mechanical Engineering (4 Years, Bachelor of Technology)
105;National Institute of Technology Karnataka, Surathkal;Metallurgical and Materials Engineering (4 Years, Bachelor of Technology)
106;National Institute of Technology Karnataka, Surathkal;Chemical Engineering (4 Years, Bachelor of Technology)
107;National Institute of Technology Karnataka, Surathkal;Information Technology (4 Years, Bachelor of Technology)
108;National Institute of Technology Karnataka, Surathkal;Civil Engineering (4 Years, Bachelor of Technology)
109;National Institute of Technology Karnataka, Surathkal;Electronics and Communication Engineering (4 Years, Bachelor of Technology)
110;National Institute of Technology Karnataka, Surathkal;Mining Engineering (4 Years, Bachelor of Technology)
111;National Institute of Technology Karnataka, Surathkal;Computational and Data Science (4 Years, Bachelor of Technology)
112;National Institute of Technology Meghalaya;Civil Engineering (4 Years, Bachelor of Technology)
113;National Institute of Technology Meghalaya;Electronics and Communication Engineering (4 Years, Bachelor of Technology)
114;National Institute of Technology Meghalaya;Mechanical Engineering (4 Years, Bachelor of Technology)
115;National Institute of Technology Meghalaya;Electrical and Electronics Engineering (4 Years, Bachelor of Technology)
116;National Institute of Technology Meghalaya;Computer Science and Engineering (4 Years, Bachelor of Technology)
117;National Institute of Technology Nagaland;Electronics and Communication Engineering (4 Years, Bachelor of Technology)
118;National Institute of Technology Nagaland;Civil Engineering (4 Years, Bachelor of Technology)
119;National Institute of Technology Nagaland;Electrical and Electronics Engineering (4 Years, Bachelor of Technology)
120;National Institute of Technology Nagaland;Electronics and Instrumentation Engineering (4 Years, Bachelor of Technology)
121;National Institute of Technology Nagaland;Computer Science and Engineering (4 Years, Bachelor of Technology)
122;National Institute of Technology Nagaland;Mechanical Engineering (4 Years, Bachelor of Technology)
123;National Institute of Technology Patna;Mathematics and Computing Technology (5 Years, Bachelor and Master of Technology (Dual Degree))
124;National Institute of Technology Patna;Computer Science and Engineering (4 Years, Bachelor of Technology)
125;National Institute of Technology Patna;Electrical Engineering with Specialization In Power System Engineering (5 Years, Bachelor and Master of Technology (Dual Degree))
126;National Institute of Technology Patna;Chemical Technology (5 Years, Bachelor and Master of Technology (Dual Degree))
127;National Institute of Technology Patna;Civil Engineering with Specialization in Construction Technology and Management (5 Years, Bachelor and Master of Technology (Dual Degree))
128;National Institute of Technology Patna;Electrical Engineering (4 Years, Bachelor of Technology)
129;National Institute of Technology Patna;Electronics and Communication Engineering with Specialization in Microelectronics and VLSI System Design (5 Years, Bachelor and Master of Technology (Dual Degree))
130;National Institute of Technology Patna;Civil Engineering (4 Years, Bachelor of Technology)
131;National Institute of Technology Patna;Electronics and Communication Engineering (4 Years, Bachelor of Technology)
132;National Institute of Technology Patna;Material Science and Engineering (5 Years, Bachelor and Master of Technology (Dual Degree))
133;National Institute of Technology Patna;Computer Science and Engineering with Specialization in Cyber Security (5 Years, Bachelor and Master of Technology (Dual Degree))
134;National Institute of Technology Patna;Mechanical Engineering (4 Years, Bachelor of Technology)
135;National Institute of Technology Patna;Mechatronics and Automation Engineering (4 Years, Bachelor of Technology)
136;National Institute of Technology Patna;Computer Science and Engineering with Specialization in Data Science (5 Years, Bachelor and Master of Technology (Dual Degree))
137;National Institute of Technology Patna;Mechanical Engineering with Specialization in Manufacturing and Industrial Engineering (5 Years, Bachelor and Master of Technology (Dual Degree))
138;National Institute of Technology Puducherry;Civil Engineering (4 Years, Bachelor of Technology)
139;National Institute of Technology Puducherry;Electronics and Communication Engineering (4 Years, Bachelor of Technology)
140;National Institute of Technology Puducherry;Mechanical Engineering (4 Years, Bachelor of Technology)
141;National Institute of Technology Puducherry;Electrical and Electronics Engineering (4 Years, Bachelor of Technology)
142;National Institute of Technology Puducherry;Computer Science and Engineering (4 Years, Bachelor of Technology)
143;National Institute of Technology Raipur;Mechanical Engineering (4 Years, Bachelor of Technology)
144;National Institute of Technology Raipur;Bio Technology (4 Years, Bachelor of Technology)
145;National Institute of Technology Raipur;Computer Science and Engineering (4 Years, Bachelor of Technology)
146;National Institute of Technology Raipur;Chemical Engineering (4 Years, Bachelor of Technology)
147;National Institute of Technology Raipur;Metallurgical and Materials Engineering (4 Years, Bachelor of Technology)
148;National Institute of Technology Raipur;Electrical Engineering (4 Years, Bachelor of Technology)
149;National Institute of Technology Raipur;Bio Medical Engineering (4 Years, Bachelor of Technology)
150;National Institute of Technology Raipur;Information Technology (4 Years, Bachelor of Technology)
151;National Institute of Technology Raipur;Mining Engineering (4 Years, Bachelor of Technology)
152;National Institute of Technology Raipur;Civil Engineering (4 Years, Bachelor of Technology)
153;National Institute of Technology Raipur;Electronics and Communication Engineering (4 Years, Bachelor of Technology)
154;National Institute of Technology Sikkim;Mechanical Engineering (4 Years, Bachelor of Technology)
155;National Institute of Technology Sikkim;Computer Science and Engineering (4 Years, Bachelor of Technology)
156;National Institute of Technology Sikkim;Artificial Intelligence and Machine Learning (4 Years, Bachelor of Technology)
157;National Institute of Technology Sikkim;Electrical and Electronics Engineering (4 Years, Bachelor of Technology)
158;National Institute of Technology Sikkim;Electronics and Communication Engineering (4 Years, Bachelor of Technology)
159;National Institute of Technology Sikkim;Civil Engineering (4 Years, Bachelor of Technology)
160;National Institute of Technology Arunachal Pradesh;Electronics and Communication Engineering (4 Years, Bachelor of Technology)
161;National Institute of Technology Arunachal Pradesh;Civil Engineering (4 Years, Bachelor of Technology)
162;National Institute of Technology Arunachal Pradesh;Mechanical Engineering (4 Years, Bachelor of Technology)
163;National Institute of Technology Arunachal Pradesh;Computer Science and Engineering (4 Years, Bachelor of Technology)
164;National Institute of Technology Arunachal Pradesh;Electrical Engineering (4 Years, Bachelor of Technology)
165;National Institute of Technology, Jamshedpur;Computer Science and Engineering (4 Years, Bachelor of Technology)
166;National Institute of Technology, Jamshedpur;Mechanical Engineering (4 Years, Bachelor of Technology)
167;National Institute of Technology, Jamshedpur;Electrical Engineering (4 Years, Bachelor of Technology)
168;National Institute of Technology, Jamshedpur;Metallurgical and Materials Engineering (4 Years, Bachelor of Technology)
169;National Institute of Technology, Jamshedpur;Production and Industrial Engineering (4 Years, Bachelor of Technology)
170;National Institute of Technology, Jamshedpur;Civil Engineering (4 Years, Bachelor of Technology)
171;National Institute of Technology, Jamshedpur;Engineering and Computational Mechanics (4 Years, Bachelor of Technology)
172;National Institute of Technology, Jamshedpur;Electronics and Communication Engineering (4 Years, Bachelor of Technology)
173;National Institute of Technology, Kurukshetra;Civil Engineering (4 Years, Bachelor of Technology)
174;National Institute of Technology, Kurukshetra;Information Technology (4 Years, Bachelor of Technology)
175;National Institute of Technology, Kurukshetra;SUSTAINABLE ENERGY TECHNOLOGIES (4 Years, Bachelor of Technology)
176;National Institute of Technology, Kurukshetra;Production and Industrial Engineering (4 Years, Bachelor of Technology)
177;National Institute of Technology, Kurukshetra;Electrical Engineering (4 Years, Bachelor of Technology)
178;National Institute of Technology, Kurukshetra;Electronics and Communication Engineering (4 Years, Bachelor of Technology)
179;National Institute of Technology, Kurukshetra;Electronics and Communication Engineering (5 Years, Bachelor and Master of Technology (Dual Degree))
180;National Institute of Technology, Kurukshetra;ROBOTICS & AUTOMATION (4 Years, Bachelor of Technology)
181;National Institute of Technology, Kurukshetra;Artificial Intelligence and Data Science (4 Years, Bachelor of Technology)
182;National Institute of Technology, Kurukshetra;Electrical Engineering (5 Years, Bachelor and Master of Technology (Dual Degree))
183;National Institute of Technology, Kurukshetra;Mechanical Engineering (4 Years, Bachelor of Technology)
184;National Institute of Technology, Kurukshetra;Computer Science and Engineering (5 Years, Bachelor and Master of Technology (Dual Degree))
185;National Institute of Technology, Kurukshetra;Microelectronics & VLSI Engineering (4 Years, Bachelor of Technology)
186;National Institute of Technology, Kurukshetra;Computer Science and Engineering (4 Years, Bachelor of Technology)
187;National Institute of Technology, Kurukshetra;Artificial Intelligence and Machine Learning (4 Years, Bachelor of Technology)
188;National Institute of Technology, Kurukshetra;Mathematics and Computing (4 Years, Bachelor of Technology)
189;National Institute of Technology, Kurukshetra;Mechanical Engineering (5 Years, Bachelor and Master of Technology (Dual Degree))
190;National Institute of Technology, Kurukshetra;Industrial Internet of Things (4 Years, Bachelor of Technology)
191;National Institute of Technology, Kurukshetra;Civil Engineering (5 Years, Bachelor and Master of Technology (Dual Degree))
192;National Institute of Technology, Manipur;Computer Science and Engineering (4 Years, Bachelor of Technology)
193;National Institute of Technology, Manipur;Mechanical Engineering (4 Years, Bachelor of Technology)
194;National Institute of Technology, Manipur;Electrical Engineering (4 Years, Bachelor of Technology)
195;National Institute of Technology, Manipur;Electronics and Communication Engineering (4 Years, Bachelor of Technology)
196;National Institute of Technology, Manipur;Civil Engineering (4 Years, Bachelor of Technology)
197;National Institute of Technology, Mizoram;Mechanical Engineering (4 Years, Bachelor of Technology)
198;National Institute of Technology, Mizoram;Mathematics and Computing (4 Years, Bachelor of Technology)
199;National Institute of Technology, Mizoram;Computer Science and Engineering (4 Years, Bachelor of Technology)
200;National Institute of Technology, Mizoram;Electrical Engineering (4 Years, Bachelor of Technology)
201;National Institute of Technology, Mizoram;Electronics and Communication Engineering (4 Years, Bachelor of Technology)
202;National Institute of Technology, Mizoram;Civil Engineering (4 Years, Bachelor of Technology)
203;National Institute of Technology, Rourkela;Chemical Engineering (4 Years, Bachelor of Technology)
204;National Institute of Technology, Rourkela;Life Science (5 Years, Integrated Master of Science)
205;National Institute of Technology, Rourkela;Ceramic Engineering and M.Tech Industrial Ceramic (5 Years, Bachelor and Master of Technology (Dual Degree))
206;National Institute of Technology, Rourkela;Metallurgical and Materials Engineering (4 Years, Bachelor of Technology)
207;National Institute of Technology, Rourkela;Chemical Engineering (5 Years, Bachelor and Master of Technology (Dual Degree))
208;National Institute of Technology, Rourkela;Ceramic Engineering (4 Years, Bachelor of Technology)
209;National Institute of Technology, Rourkela;Physics (5 Years, Integrated Master of Science)
210;National Institute of Technology, Rourkela;Bio Medical Engineering (4 Years, Bachelor of Technology)
211;National Institute of Technology, Rourkela;Mining Engineering (5 Years, Bachelor and Master of Technology (Dual Degree))
212;National Institute of Technology, Rourkela;Electrical Engineering (4 Years, Bachelor of Technology)
213;National Institute of Technology, Rourkela;Industrial Design (4 Years, Bachelor of Technology)
214;National Institute of Technology, Rourkela;Metallurgical and Materials Engineering (5 Years, Bachelor and Master of Technology (Dual Degree))
215;National Institute of Technology, Rourkela;Civil Engineering (4 Years, Bachelor of Technology)
216;National Institute of Technology, Rourkela;Chemistry (5 Years, Integrated Master of Science)
217;National Institute of Technology, Rourkela;Electronics and Communication Engineering (4 Years, Bachelor of Technology)
218;National Institute of Technology, Rourkela;Mathematics (5 Years, Integrated Master of Science)
219;National Institute of Technology, Rourkela;Mining Engineering (4 Years, Bachelor of Technology)
220;National Institute of Technology, Rourkela;Electronics and Instrumentation Engineering (4 Years, Bachelor of Technology)
221;National Institute of Technology, Rourkela;Food Process Engineering (4 Years, Bachelor of Technology)
222;National Institute of Technology, Rourkela;Bio Technology (4 Years, Bachelor of Technology)
223;National Institute of Technology, Rourkela;Computer Science and Engineering (4 Years, Bachelor of Technology)
224;National Institute of Technology, Rourkela;Artificial Intelligence (4 Years, Bachelor of Technology)
225;National Institute of Technology, Rourkela;Mechanical Engineering (4 Years, Bachelor of Technology)
226;National Institute of Technology, Silchar;Electronics and Instrumentation Engineering (4 Years, Bachelor of Technology)
227;National Institute of Technology, Silchar;Mechanical Engineering (4 Years, Bachelor of Technology)
228;National Institute of Technology, Silchar;Computer Science and Engineering (4 Years, Bachelor of Technology)
229;National Institute of Technology, Silchar;Electrical Engineering (4 Years, Bachelor of Technology)
230;National Institute of Technology, Silchar;Civil Engineering (4 Years, Bachelor of Technology)
231;National Institute of Technology, Silchar;Electronics and Communication Engineering (4 Years, Bachelor of Technology)
232;National Institute of Technology, Srinagar;Electrical Engineering (4 Years, Bachelor of Technology)
233;National Institute of Technology, Srinagar;Metallurgical and Materials Engineering (4 Years, Bachelor of Technology)
234;National Institute of Technology, Srinagar;Information Technology (4 Years, Bachelor of Technology)
235;National Institute of Technology, Srinagar;Chemical Engineering (4 Years, Bachelor of Technology)
236;National Institute of Technology, Srinagar;Electronics and Communication Engineering (4 Years, Bachelor of Technology)
237;National Institute of Technology, Srinagar;Civil Engineering (4 Years, Bachelor of Technology)
238;National Institute of Technology, Srinagar;Computer Science and Engineering (4 Years, Bachelor of Technology)
239;National Institute of Technology, Srinagar;Mechanical Engineering (4 Years, Bachelor of Technology)
240;National Institute of Technology, Tiruchirappalli;Civil Engineering (4 Years, Bachelor of Technology)
241;National Institute of Technology, Tiruchirappalli;Electronics and Communication Engineering (4 Years, Bachelor of Technology)
242;National Institute of Technology, Tiruchirappalli;Production Engineering (4 Years, Bachelor of Technology)
243;National Institute of Technology, Tiruchirappalli;Computer Science and Engineering (4 Years, Bachelor of Technology)
244;National Institute of Technology, Tiruchirappalli;Mechanical Engineering (4 Years, Bachelor of Technology)
245;National Institute of Technology, Tiruchirappalli;Chemical Engineering (4 Years, Bachelor of Technology)
246;National Institute of Technology, Tiruchirappalli;Metallurgical and Materials Engineering (4 Years, Bachelor of Technology)
247;National Institute of Technology, Tiruchirappalli;Electrical and Electronics Engineering (4 Years, Bachelor of Technology)
248;National Institute of Technology, Tiruchirappalli;Instrumentation and Control Engineering (4 Years, Bachelor of Technology)
249;National Institute of Technology, Uttarakhand;Mechanical Engineering (4 Years, Bachelor of Technology)
250;National Institute of Technology, Uttarakhand;Computer Science and Engineering (4 Years, Bachelor of Technology)
251;National Institute of Technology, Uttarakhand;Electrical and Electronics Engineering (4 Years, Bachelor of Technology)
252;National Institute of Technology, Uttarakhand;Civil Engineering (4 Years, Bachelor of Technology)
253;National Institute of Technology, Uttarakhand;Electronics and Communication Engineering (4 Years, Bachelor of Technology)
254;National Institute of Technology, Warangal;Mathematics (5 Years, Integrated Master of Science)
255;National Institute of Technology, Warangal;Civil Engineering (4 Years, Bachelor of Technology)
256;National Institute of Technology, Warangal;Electronics and Communication Engineering (4 Years, Bachelor of Technology)
257;National Institute of Technology, Warangal;Chemistry (5 Years, Integrated Master of Science)
258;National Institute of Technology, Warangal;Physics (5 Years, Integrated Master of Science)
259;National Institute of Technology, Warangal;Mathematics and Computing (4 Years, Bachelor of Technology)
260;National Institute of Technology, Warangal;Bio Technology (4 Years, Bachelor of Technology)
261;National Institute of Technology, Warangal;Computer Science and Engineering ( Artificial Intelligence & Data Science) (4 Years, Bachelor of Technology)
262;National Institute of Technology, Warangal;Computer Science and Engineering (4 Years, Bachelor of Technology)
263;National Institute of Technology, Warangal;Electrical and Electronics Engineering (4 Years, Bachelor of Technology)
264;National Institute of Technology, Warangal;Electronics and Communication Engineering (VLSI Design and Technology) (4 Years, Bachelor of Technology)
265;National Institute of Technology, Warangal;Mechanical Engineering (4 Years, Bachelor of Technology)
266;National Institute of Technology, Warangal;Metallurgical and Materials Engineering (4 Years, Bachelor of Technology)
267;National Institute of Technology, Warangal;Chemical Engineering (4 Years, Bachelor of Technology)
268;Sardar Vallabhbhai National Institute of Technology, Surat;Mechanical Engineering (4 Years, Bachelor of Technology)
269;Sardar Vallabhbhai National Institute of Technology, Surat;Artificial Intelligence (4 Years, Bachelor of Technology)
270;Sardar Vallabhbhai National Institute of Technology, Surat;Computer Science and Engineering (4 Years, Bachelor of Technology)
271;Sardar Vallabhbhai National Institute of Technology, Surat;Mathematics and Computing (4 Years, Bachelor of Technology)
272;Sardar Vallabhbhai National Institute of Technology, Surat;Chemical Engineering (4 Years, Bachelor of Technology)
273;Sardar Vallabhbhai National Institute of Technology, Surat;Engineering Physics (4 Years, Bachelor of Technology)
274;Sardar Vallabhbhai National Institute of Technology, Surat;Electrical Engineering (4 Years, Bachelor of Technology)
275;Sardar Vallabhbhai National Institute of Technology, Surat;Electronics and Communication Engineering (4 Years, Bachelor of Technology)
276;Sardar Vallabhbhai National Institute of Technology, Surat;Civil Engineering (4 Years, Bachelor of Technology)
277;Sardar Vallabhbhai National Institute of Technology, Surat;Physics (5 Years, Integrated Master of Science)
278;Sardar Vallabhbhai National Institute of Technology, Surat;Electronics and VLSI Engineering (4 Years, Bachelor of Technology)
279;Sardar Vallabhbhai National Institute of Technology, Surat;Mathematics (5 Years, Integrated Master of Science)
280;Sardar Vallabhbhai National Institute of Technology, Surat;Artificial Intelligence (5 Years, Integrated B. Tech. and M. Tech.)
281;Sardar Vallabhbhai National Institute of Technology, Surat;Industrial Chemistry (4 Years, Bachelor of Technology)
282;Sardar Vallabhbhai National Institute of Technology, Surat;Chemistry (5 Years, Integrated Master of Science)
283;Visvesvaraya National Institute of Technology, Nagpur;Computer Science and Engineering (4 Years, Bachelor of Technology)
284;Visvesvaraya National Institute of Technology, Nagpur;Electrical and Electronics Engineering (4 Years, Bachelor of Technology)
285;Visvesvaraya National Institute of Technology, Nagpur;Metallurgical and Materials Engineering (4 Years, Bachelor of Technology)
286;Visvesvaraya National Institute of Technology, Nagpur;Chemical Engineering (4 Years, Bachelor of Technology)
287;Visvesvaraya National Institute of Technology, Nagpur;Electronics and Communication Engineering (4 Years, Bachelor of Technology)
288;Visvesvaraya National Institute of Technology, Nagpur;Civil Engineering (4 Years, Bachelor of Technology)
289;Visvesvaraya National Institute of Technology, Nagpur;Mining Engineering (4 Years, Bachelor of Technology)
290;Visvesvaraya National Institute of Technology, Nagpur;Mechanical Engineering (4 Years, Bachelor of Technology)
291;National Institute of Technology, Andhra Pradesh;Civil Engineering (4 Years, Bachelor of Technology)
292;National Institute of Technology, Andhra Pradesh;Electronics and Communication Engineering (4 Years, Bachelor of Technology)
293;National Institute of Technology, Andhra Pradesh;Bio Technology (4 Years, Bachelor of Technology)
294;National Institute of Technology, Andhra Pradesh;Computer Science and Engineering (4 Years, Bachelor of Technology)
295;National Institute of Technology, Andhra Pradesh;Electrical and Electronics Engineering (4 Years, Bachelor of Technology)
296;National Institute of Technology, Andhra Pradesh;Mechanical Engineering (4 Years, Bachelor of Technology)
297;National Institute of Technology, Andhra Pradesh;Chemical Engineering (4 Years, Bachelor of Technology)
298;National Institute of Technology, Andhra Pradesh;Metallurgical and Materials Engineering (4 Years, Bachelor of Technology)
299;Indian Institute of Engineering Science and Technology, Shibpur;Information Technology (4 Years, Bachelor of Technology)
300;Indian Institute of Engineering Science and Technology, Shibpur;Electrical Engineering (4 Years, Bachelor of Technology)
301;Indian Institute of Engineering Science and Technology, Shibpur;Civil Engineering (4 Years, Bachelor of Technology)
302;Indian Institute of Engineering Science and Technology, Shibpur;Mining Engineering (4 Years, Bachelor of Technology)
303;Indian Institute of Engineering Science and Technology, Shibpur;Electronics and Telecommunication Engineering (4 Years, Bachelor of Technology)
304;Indian Institute of Engineering Science and Technology, Shibpur;Metallurgy and Materials Engineering (4 Years, Bachelor of Technology)
305;Indian Institute of Engineering Science and Technology, Shibpur;Mechanical Engineering (4 Years, Bachelor of Technology)
306;Indian Institute of Engineering Science and Technology, Shibpur;Aerospace Engineering (4 Years, Bachelor of Technology)
307;Indian Institute of Engineering Science and Technology, Shibpur;Computer Science and Engineering (4 Years, Bachelor of Technology)
308;Atal Bihari Vajpayee Indian Institute of Information Technology & Management Gwalior;Integrated B. Tech.(IT) and MBA (5 Years, Integrated B. Tech. and MBA)
309;Atal Bihari Vajpayee Indian Institute of Information Technology & Management Gwalior;Electrical and Electronics Engineering (4 Years, Bachelor of Technology)
310;Atal Bihari Vajpayee Indian Institute of Information Technology & Management Gwalior;Computer Science and Engineering (4 Years, Bachelor of Technology)
311;Atal Bihari Vajpayee Indian Institute of Information Technology & Management Gwalior;Integrated B. Tech.(IT) and M. Tech (IT) (5 Years, Integrated B. Tech. and M. Tech.)
312;Atal Bihari Vajpayee Indian Institute of Information Technology & Management Gwalior;Mathematics and Scientific Computing (4 Years, Bachelor of Technology)
313;Indian Institute of Information Technology (IIIT)Kota, Rajasthan;Electronics and Communication Engineering (4 Years, Bachelor of Technology)
314;Indian Institute of Information Technology (IIIT)Kota, Rajasthan;Artificial Intelligence and Data Engineering (4 Years, Bachelor of Technology)
315;Indian Institute of Information Technology (IIIT)Kota, Rajasthan;Computer Science and Engineering (4 Years, Bachelor of Technology)
316;Indian Institute of Information Technology Guwahati;Electronics and Communication Engineering (4 Years, Bachelor of Technology)
317;Indian Institute of Information Technology Guwahati;Computer Science and Engineering (4 Years, Bachelor of Technology)
318;Indian Institute of Information Technology(IIIT) Kalyani, West Bengal;Computer Science and Engineering (4 Years, Bachelor of Technology)
319;Indian Institute of Information Technology(IIIT) Kalyani, West Bengal;Electronics and Communication Engineering (4 Years, Bachelor of Technology)
320;Indian Institute of Information Technology(IIIT) Kilohrad, Sonepat, Haryana;Information Technology (4 Years, Bachelor of Technology)
321;Indian Institute of Information Technology(IIIT) Kilohrad, Sonepat, Haryana;CSE ( Data Science & Analytics) (4 Years, Bachelor of Technology)
322;Indian Institute of Information Technology(IIIT) Kilohrad, Sonepat, Haryana;Computer Science and Engineering (4 Years, Bachelor of Technology)
323;Indian Institute of Information Technology(IIIT) Una, Himachal Pradesh;Computer Science and Engineering (4 Years, Bachelor of Technology)
324;Indian Institute of Information Technology(IIIT) Una, Himachal Pradesh;Information Technology (4 Years, Bachelor of Technology)
325;Indian Institute of Information Technology(IIIT) Una, Himachal Pradesh;Computer Science and Engineering (Data Science) (4 Years, Bachelor of Technology)
326;Indian Institute of Information Technology(IIIT) Una, Himachal Pradesh;Electronics and Communication Engineering (4 Years, Bachelor of Technology)
327;Indian Institute of Information Technology(IIIT) Una, Himachal Pradesh;Computer Science and Engineering (Cyber Security) (4 Years, Bachelor of Technology)
328;Indian Institute of Information Technology (IIIT), Sri City, Chittoor;Artificial Intelligence and Data Science (4 Years, Bachelor of Technology)
329;Indian Institute of Information Technology (IIIT), Sri City, Chittoor;Computer Science and Engineering (4 Years, Bachelor of Technology)
330;Indian Institute of Information Technology (IIIT), Sri City, Chittoor;Electronics and Communication Engineering (4 Years, Bachelor of Technology)
331;Indian Institute of Information Technology(IIIT), Vadodara, Gujrat;Computer Science and Engineering (4 Years, Bachelor of Technology)
332;Indian Institute of Information Technology(IIIT), Vadodara, Gujrat;Information Technology (4 Years, Bachelor of Technology)
333;Indian Institute of Information Technology, Allahabad;Information Technology (4 Years, Bachelor of Technology)
334;Indian Institute of Information Technology, Allahabad;Information Technology-Business Informatics (4 Years, Bachelor of Technology)
335;Indian Institute of Information Technology, Allahabad;Electronics and Communication Engineering (4 Years, Bachelor of Technology)
336;Indian Institute of Information Technology, Design & Manufacturing, Kancheepuram;Electronics and Communication Engineering (4 Years, Bachelor of Technology)
337;Indian Institute of Information Technology, Design & Manufacturing, Kancheepuram;Computer Science and Engineering (5 Years, Bachelor and Master of Technology (Dual Degree))
338;Indian Institute of Information Technology, Design & Manufacturing, Kancheepuram;B.Tech in Mechanical Engineering and M.Tech in AI and Robotics (5 Years, B.Tech. + M.Tech./MS (Dual Degree))
339;Indian Institute of Information Technology, Design & Manufacturing, Kancheepuram;B.Tech. in Electronics and Communication Engineering and M.Tech. in VLSI Design (5 Years, Bachelor and Master of Technology (Dual Degree))
340;Indian Institute of Information Technology, Design & Manufacturing, Kancheepuram;Mechanical Engineering (4 Years, Bachelor of Technology)
341;Indian Institute of Information Technology, Design & Manufacturing, Kancheepuram;Computer Science and Engineering (4 Years, Bachelor of Technology)
342;Indian Institute of Information Technology, Design & Manufacturing, Kancheepuram;B.Tech. in Electronics and Communication Engineering and M.Tech. in Communication Systems (5 Years, Bachelor and Master of Technology (Dual Degree))
343;Indian Institute of Information Technology, Design & Manufacturing, Kancheepuram;Computer Science and Engineering with Major in Artificial Intelligence (4 Years, Bachelor of Technology)
344;Indian Institute of Information Technology, Design & Manufacturing, Kancheepuram;Smart Manufacturing (4 Years, Bachelor of Technology)
345;Pt. Dwarka Prasad Mishra Indian Institute of Information Technology, Design & Manufacture Jabalpur;Smart Manufacturing (4 Years, Bachelor of Technology)
346;Pt. Dwarka Prasad Mishra Indian Institute of Information Technology, Design & Manufacture Jabalpur;Electronics and Communication Engineering (4 Years, Bachelor of Technology)
347;Pt. Dwarka Prasad Mishra Indian Institute of Information Technology, Design & Manufacture Jabalpur;Computer Science and Engineering (4 Years, Bachelor of Technology)
348;Pt. Dwarka Prasad Mishra Indian Institute of Information Technology, Design & Manufacture Jabalpur;Mechanical Engineering (4 Years, Bachelor of Technology)
349;INDIAN INSTITUTE OF INFORMATION TECHNOLOGY SENAPATI MANIPUR;Computer Science and Engineering with specialization in Artificial Intelligence and Data Science (4 Years, Bachelor of Technology)
350;INDIAN INSTITUTE OF INFORMATION TECHNOLOGY SENAPATI MANIPUR;Electronics and Communication Engineering (4 Years, Bachelor of Technology)
351;INDIAN INSTITUTE OF INFORMATION TECHNOLOGY SENAPATI MANIPUR;Electronics and Communication Engineering with specialization in VLSI and Embedded Systems (4 Years, Bachelor of Technology)
352;INDIAN INSTITUTE OF INFORMATION TECHNOLOGY SENAPATI MANIPUR;Computer Science and Engineering (4 Years, Bachelor of Technology)
353;Indian Institute of Information Technology Tiruchirappalli;Computer Science and Engineering (4 Years, Bachelor of Technology)
354;Indian Institute of Information Technology Tiruchirappalli;Electronics and Communication Engineering (4 Years, Bachelor of Technology)
355;Indian Institute of Information Technology Lucknow;Computer Science and Business (4 Years, Bachelor of Technology)
356;Indian Institute of Information Technology Lucknow;Computer Science and Artificial Intelligence (4 Years, Bachelor of Technology)
357;Indian Institute of Information Technology Lucknow;Computer Science (4 Years, Bachelor of Technology)
358;Indian Institute of Information Technology Lucknow;Information Technology (4 Years, Bachelor of Technology)
359;Indian Institute of Information Technology(IIIT) Dharwad;Computer Science and Engineering (4 Years, Bachelor of Technology)
360;Indian Institute of Information Technology(IIIT) Dharwad;Data Science and Artificial Intelligence (4 Years, Bachelor of Technology)
361;Indian Institute of Information Technology(IIIT) Dharwad;Electronics and Communication Engineering (4 Years, Bachelor of Technology)
362;Indian Institute of Information Technology Design & Manufacturing Kurnool, Andhra Pradesh;Computer Science and Engineering (5 Years, Bachelor and Master of Technology (Dual Degree))
363;Indian Institute of Information Technology Design & Manufacturing Kurnool, Andhra Pradesh;Artificial Intelligence and Data Science (4 Years, Bachelor of Technology)
364;Indian Institute of Information Technology Design & Manufacturing Kurnool, Andhra Pradesh;Computer Science and Engineering (4 Years, Bachelor of Technology)
365;Indian Institute of Information Technology Design & Manufacturing Kurnool, Andhra Pradesh;Mechanical Engineering with specialization in Design and Manufacturing (4 Years, Bachelor of Technology)
366;Indian Institute of Information Technology Design & Manufacturing Kurnool, Andhra Pradesh;Electronics and Communication Engineering with specialization in Design and Manufacturing (4 Years, Bachelor of Technology)
367;Indian Institute of Information Technology Design & Manufacturing Kurnool, Andhra Pradesh;Electronics and Communication Engineering (5 Years, Bachelor and Master of Technology (Dual Degree))
368;Indian Institute of Information Technology Design & Manufacturing Kurnool, Andhra Pradesh;Mechanical Engineering (5 Years, Bachelor and Master of Technology (Dual Degree))
369;Indian Institute of Information Technology(IIIT) Kottayam;Computer Science and Engineering with specialization in Artificial Intelligence and Data Science (4 Years, Bachelor of Technology)
370;Indian Institute of Information Technology(IIIT) Kottayam;Electronics and Communication Engineering (4 Years, Bachelor of Technology)
371;Indian Institute of Information Technology(IIIT) Kottayam;Computer Science and Engineering with specialization in Cyber Security (4 Years, Bachelor of Technology)
372;Indian Institute of Information Technology(IIIT) Kottayam;Computer Science and Engineering (4 Years, Bachelor of Technology)
373;Indian Institute of Information Technology (IIIT) Ranchi;Computer Science and Engineering (4 Years, Bachelor of Technology)
374;Indian Institute of Information Technology (IIIT) Ranchi;Computer Science and Engineering (with Specialization of Data Science and Artificial Intelligence) (4 Years, B. Tech / B. Tech (Hons.))
375;Indian Institute of Information Technology (IIIT) Ranchi;Electronics and Communication Engineering (with Specialization of Embedded Systems and Internet of Things) (4 Years, B. Tech / B. Tech (Hons.))
376;Indian Institute of Information Technology (IIIT) Ranchi;Electronics and Communication Engineering (4 Years, Bachelor of Technology)
377;Indian Institute of Information Technology (IIIT) Nagpur;Electronics and Communication Engineering (Internet of Things) (4 Years, Bachelor of Technology)
378;Indian Institute of Information Technology (IIIT) Nagpur;Computer Science Engineering (Human Computer lnteraction and Gaming Technology) (4 Years, Bachelor of Technology)
379;Indian Institute of Information Technology (IIIT) Nagpur;Electronics and Communication Engineering (4 Years, Bachelor of Technology)
380;Indian Institute of Information Technology (IIIT) Nagpur;Computer Science Engineering (Artificial lntelligence and Machine Learning) (4 Years, Bachelor of Technology)
381;Indian Institute of Information Technology (IIIT) Nagpur;Computer Science and Engineering (4 Years, Bachelor of Technology)
382;Indian Institute of Information Technology (IIIT) Nagpur;Computer Science Engineering (Data Science and Analytics) (4 Years, Bachelor of Technology)
383;Indian Institute of Information Technology (IIIT) Pune;Computer Science and Engineering (4 Years, Bachelor of Technology)
384;Indian Institute of Information Technology (IIIT) Pune;Electronics and Communication Engineering (4 Years, Bachelor of Technology)
385;Indian Institute of Information Technology Bhagalpur;Electronics and Communication Engineering (4 Years, Bachelor of Technology)
386;Indian Institute of Information Technology Bhagalpur;Mechatronics and Automation Engineering (4 Years, Bachelor of Technology)
387;Indian Institute of Information Technology Bhagalpur;Mathematics and Computing (4 Years, Bachelor of Technology)
388;Indian Institute of Information Technology Bhagalpur;Computer Science and Engineering (4 Years, Bachelor of Technology)
389;Indian Institute of Information Technology Bhopal;Computer Science and Engineering (Data Science) (4 Years, Bachelor of Technology)
390;Indian Institute of Information Technology Bhopal;Information Technology (4 Years, Bachelor of Technology)
391;Indian Institute of Information Technology Bhopal;Electronics and Communication Engineering (4 Years, Bachelor of Technology)
392;Indian Institute of Information Technology Bhopal;Computer Science and Engineering (Artificial Intelligence) (4 Years, Bachelor of Technology)
393;Indian Institute of Information Technology Bhopal;Computer Science and Engineering (Cyber Security) (4 Years, Bachelor of Technology)
394;Indian Institute of Information Technology Bhopal;Computer Science and Engineering (Cyber Physical System) (4 Years, Bachelor of Technology)
395;Indian Institute of Information Technology Bhopal;Computer Science and Engineering (4 Years, Bachelor of Technology)
396;Indian Institute of Information Technology Surat;Electronics and Communication Engineering (4 Years, Bachelor of Technology)
397;Indian Institute of Information Technology Surat;Computer Science and Engineering (4 Years, Bachelor of Technology)
398;Indian Institute of Information Technology, Agartala;Computer Science and Engineering (4 Years, Bachelor of Technology)
399;Indian institute of information technology, Raichur, Karnataka;Mathematics and Computing (4 Years, Bachelor of Technology)
400;Indian institute of information technology, Raichur, Karnataka;Computer Science and Engineering (4 Years, Bachelor of Technology)
401;Indian institute of information technology, Raichur, Karnataka;Artificial Intelligence and Data Science (4 Years, Bachelor of Technology)
402;Indian Institute of Information Technology, Vadodara International Campus Diu (IIITVICD);Computer Science and Engineering (4 Years, Bachelor of Technology)
403;Assam University, Silchar;Computer Science and Engineering (4 Years, Bachelor of Technology)
404;Assam University, Silchar;Agricultural Engineering (4 Years, Bachelor of Technology)
405;Assam University, Silchar;Electronics and Communication Engineering (4 Years, Bachelor of Technology)
406;Birla Institute of Technology, Mesra, Ranchi;Food Engineering and Technology (4 Years, Bachelor of Technology)
407;Birla Institute of Technology, Mesra, Ranchi;Chemical Engineering (4 Years, Bachelor of Technology)
408;Birla Institute of Technology, Mesra, Ranchi;Production and Industrial Engineering (4 Years, Bachelor of Technology)
409;Birla Institute of Technology, Mesra, Ranchi;Physics (5 Years, Integrated Master of Science)
410;Birla Institute of Technology, Mesra, Ranchi;Civil Engineering (4 Years, Bachelor of Technology)
411;Birla Institute of Technology, Mesra, Ranchi;Electronics and Communication Engineering (4 Years, Bachelor of Technology)
412;Birla Institute of Technology, Mesra, Ranchi;Mechanical Engineering (4 Years, Bachelor of Technology)
413;Birla Institute of Technology, Mesra, Ranchi;Bio Technology (4 Years, Bachelor of Technology)
414;Birla Institute of Technology, Mesra, Ranchi;Quantitative Economics & Data Science (5 Years, Integrated Master of Science)
415;Birla Institute of Technology, Mesra, Ranchi;Mathematics and Computing (5 Years, Integrated Master of Science)
416;Birla Institute of Technology, Mesra, Ranchi;Electrical and Electronics Engineering (4 Years, Bachelor of Technology)
417;Birla Institute of Technology, Mesra, Ranchi;Computer Science and Engineering (4 Years, Bachelor of Technology)
418;Birla Institute of Technology, Mesra, Ranchi;Artificial Intelligence and Machine Learning (4 Years, Bachelor of Technology)
419;Gurukula Kangri Vishwavidyalaya, Haridwar;Electrical Engineering (4 Years, Bachelor of Technology)
420;Gurukula Kangri Vishwavidyalaya, Haridwar;Electronics and Communication Engineering (4 Years, Bachelor of Technology)
421;Gurukula Kangri Vishwavidyalaya, Haridwar;Computer Science and Engineering (4 Years, Bachelor of Technology)
422;Gurukula Kangri Vishwavidyalaya, Haridwar;Mechanical Engineering (4 Years, Bachelor of Technology)
423;Indian Institute of Carpet Technology, Bhadohi;Carpet and Textile Technology (4 Years, Bachelor of Technology)
424;Institute of Infrastructure, Technology, Research and Management-Ahmedabad;Computer Engineering (4 Years, Bachelor of Technology)
425;Institute of Infrastructure, Technology, Research and Management-Ahmedabad;Electrical Engineering (4 Years, Bachelor of Technology)
426;Institute of Infrastructure, Technology, Research and Management-Ahmedabad;Civil Engineering (4 Years, Bachelor of Technology)
427;Institute of Infrastructure, Technology, Research and Management-Ahmedabad;Mechanical Engineering (4 Years, Bachelor of Technology)
428;School of Studies of Engineering and Technology, Guru Ghasidas Vishwavidyalaya, Bilaspur;Electronics and Communication Engineering (4 Years, Bachelor of Technology)
429;School of Studies of Engineering and Technology, Guru Ghasidas Vishwavidyalaya, Bilaspur;Civil Engineering (4 Years, Bachelor of Technology)
430;School of Studies of Engineering and Technology, Guru Ghasidas Vishwavidyalaya, Bilaspur;Mechanical Engineering (4 Years, Bachelor of Technology)
431;School of Studies of Engineering and Technology, Guru Ghasidas Vishwavidyalaya, Bilaspur;Computer Science and Engineering (4 Years, Bachelor of Technology)
432;School of Studies of Engineering and Technology, Guru Ghasidas Vishwavidyalaya, Bilaspur;Industrial and Production Engineering (4 Years, Bachelor of Technology)
433;School of Studies of Engineering and Technology, Guru Ghasidas Vishwavidyalaya, Bilaspur;Chemical Engineering (4 Years, Bachelor of Technology)
434;School of Studies of Engineering and Technology, Guru Ghasidas Vishwavidyalaya, Bilaspur;Electrical Engineering (4 Years, Bachelor of Technology)
435;School of Studies of Engineering and Technology, Guru Ghasidas Vishwavidyalaya, Bilaspur;Information Technology (4 Years, Bachelor of Technology)
436;J.K. Institute of Applied Physics & Technology, Department of Electronics & Communication, University of Allahabad- Allahabad;Computer Science and Engineering with Major in Artificial Intelligence (4 Years, Bachelor of Technology)
437;J.K. Institute of Applied Physics & Technology, Department of Electronics & Communication, University of Allahabad- Allahabad;Electronics and Communication Engineering (4 Years, Bachelor of Technology)
438;National Institute of Electronics and Information Technology, Aurangabad (Maharashtra);Electronic Engineering (4 Years, Bachelor of Technology)
439;National Institute of Advanced Manufacturing Technology, Ranchi;Production and Industrial Engineering (4 Years, Bachelor of Technology)
440;National Institute of Advanced Manufacturing Technology, Ranchi;Metallurgy and Materials Engineering (4 Years, Bachelor of Technology)
441;National Institute of Advanced Manufacturing Technology, Ranchi;Computer Engineering (4 Years, Bachelor of Technology)
442;National Institute of Advanced Manufacturing Technology, Ranchi;Mechanical Engineering (4 Years, Bachelor of Technology)
443;Sant Longowal Institute of Engineering and Technology;Electronics and Communication Engineering (4 Years, Bachelor of Technology)
444;Sant Longowal Institute of Engineering and Technology;Chemistry (5 Years, Integrated Master of Science)
445;Sant Longowal Institute of Engineering and Technology;Mechanical Engineering (4 Years, Bachelor of Technology)
446;Sant Longowal Institute of Engineering and Technology;Food Technology (4 Years, Bachelor of Technology)
447;Sant Longowal Institute of Engineering and Technology;Computer Science and Engineering (4 Years, Bachelor of Technology)
448;Sant Longowal Institute of Engineering and Technology;Chemical Engineering (4 Years, Bachelor of Technology)
449;Sant Longowal Institute of Engineering and Technology;Instrumentation and Control Engineering (4 Years, Bachelor of Technology)
450;Sant Longowal Institute of Engineering and Technology;Civil Engineering (4 Years, Bachelor of Technology)
451;Sant Longowal Institute of Engineering and Technology;Mathematics (5 Years, Integrated Master of Science)
452;Sant Longowal Institute of Engineering and Technology;Electrical Engineering (4 Years, Bachelor of Technology)
453;Sant Longowal Institute of Engineering and Technology;Physics (5 Years, Integrated Master of Science)
454;Mizoram University, Aizawl;Electrical Engineering (4 Years, Bachelor of Technology)
455;Mizoram University, Aizawl;Information Technology (4 Years, Bachelor of Technology)
456;Mizoram University, Aizawl;Electronics and Communication Engineering (4 Years, Bachelor of Technology)
457;Mizoram University, Aizawl;Civil Engineering (4 Years, Bachelor of Technology)
458;Mizoram University, Aizawl;Computer Engineering (4 Years, Bachelor of Technology)
459;School of Engineering, Tezpur University, Napaam, Tezpur;Mechanical Engineering (4 Years, Bachelor of Technology)
460;School of Engineering, Tezpur University, Napaam, Tezpur;Computer Science and Engineering (4 Years, Bachelor of Technology)
461;School of Engineering, Tezpur University, Napaam, Tezpur;Food Engineering and Technology (4 Years, Bachelor of Technology)
462;School of Engineering, Tezpur University, Napaam, Tezpur;Electrical Engineering (4 Years, Bachelor of Technology)
463;School of Engineering, Tezpur University, Napaam, Tezpur;Bachelor of Design (4 Years, Bachelor of Design)
464;School of Engineering, Tezpur University, Napaam, Tezpur;Civil Engineering (4 Years, Bachelor of Technology)
465;School of Engineering, Tezpur University, Napaam, Tezpur;Electronics and Communication Engineering (4 Years, Bachelor of Technology)
466;Shri Mata Vaishno Devi University, Katra, Jammu & Kashmir;B.Tech in Mathematics and Computing (4 Years, Bachelor of Technology)
467;Shri Mata Vaishno Devi University, Katra, Jammu & Kashmir;Electrical Engineering (4 Years, Bachelor of Technology)
468;Shri Mata Vaishno Devi University, Katra, Jammu & Kashmir;Electronics and Communication Engineering (4 Years, Bachelor of Technology)
469;Shri Mata Vaishno Devi University, Katra, Jammu & Kashmir;Civil Engineering (4 Years, Bachelor of Technology)
470;Shri Mata Vaishno Devi University, Katra, Jammu & Kashmir;Mechanical Engineering (4 Years, Bachelor of Technology)
471;Shri Mata Vaishno Devi University, Katra, Jammu & Kashmir;Bio Technology (4 Years, Bachelor of Technology)
472;Shri Mata Vaishno Devi University, Katra, Jammu & Kashmir;Computer Science and Engineering (4 Years, Bachelor of Technology)
473;International Institute of Information Technology, Naya Raipur;Computer Science and Engineering (4 Years, Bachelor of Technology)
474;International Institute of Information Technology, Naya Raipur;Data Science and Artificial Intelligence (4 Years, Bachelor of Technology)
475;International Institute of Information Technology, Naya Raipur;Electronics and Communication Engineering (4 Years, Bachelor of Technology)
476;University of Hyderabad;Computer Science and Engineering (5 Years, Bachelor and Master of Technology (Dual Degree))
477;University of Hyderabad;Materials Engineering (5 Years, Integrated Master of Technology)
478;Punjab Engineering College, Chandigarh;Computer Science Engineering (Data Science) (4 Years, B. Tech / B. Tech (Hons.))
479;Punjab Engineering College, Chandigarh;Metallurgical and Materials Engineering (4 Years, Bachelor of Technology)
480;Punjab Engineering College, Chandigarh;Production and Industrial Engineering (4 Years, Bachelor of Technology)
481;Punjab Engineering College, Chandigarh;Electrical Engineering (4 Years, Bachelor of Technology)
482;Punjab Engineering College, Chandigarh;Civil Engineering (4 Years, Bachelor of Technology)
483;Punjab Engineering College, Chandigarh;Electronics Engineering (VLSI Design and Technology) (4 Years, Bachelor of Technology)
484;Punjab Engineering College, Chandigarh;Electronics and Communication Engineering (4 Years, Bachelor of Technology)
485;Punjab Engineering College, Chandigarh;Computer Science Engineering (Artificial Intelligence) (4 Years, B. Tech / B. Tech (Hons.))
486;Punjab Engineering College, Chandigarh;Mechanical Engineering (4 Years, Bachelor of Technology)
487;Punjab Engineering College, Chandigarh;Aerospace Engineering (4 Years, Bachelor of Technology)
488;Punjab Engineering College, Chandigarh;Mathematics and Computing (4 Years, Bachelor of Technology)
489;Punjab Engineering College, Chandigarh;Computer Science and Engineering (4 Years, Bachelor of Technology)
490;Jawaharlal Nehru University, Delhi;Computer Science and Engineering (4 Years, Bachelor of Technology)
491;Jawaharlal Nehru University, Delhi;Electronics and Communication Engineering (4 Years, Bachelor of Technology)
492;International Institute of Information Technology, Bhubaneswar;Information Technology (4 Years, Bachelor of Technology)
493;International Institute of Information Technology, Bhubaneswar;Electronics and Telecommunication Engineering (4 Years, Bachelor of Technology)
494;International Institute of Information Technology, Bhubaneswar;Electrical and Electronics Engineering (4 Years, Bachelor of Technology)
495;International Institute of Information Technology, Bhubaneswar;Computer Science and Engineering (4 Years, Bachelor of Technology)
496;International Institute of Information Technology, Bhubaneswar;Computer Engineering (4 Years, Bachelor of Technology)
497;Central institute of Technology Kokrajar, Assam;Computer Science and Engineering (4 Years, Bachelor of Technology)
498;Central institute of Technology Kokrajar, Assam;Civil Engineering (4 Years, Bachelor of Technology)
499;Central institute of Technology Kokrajar, Assam;Instrumentation Engineering (4 Years, Bachelor of Technology)
500;Central institute of Technology Kokrajar, Assam;Food Engineering and Technology (4 Years, Bachelor of Technology)
501;Central institute of Technology Kokrajar, Assam;Electronics and Communication Engineering (4 Years, Bachelor of Technology)
502;Puducherry Technological University, Puducherry;Electronics and Communication Engineering (4 Years, Bachelor of Technology)
503;Puducherry Technological University, Puducherry;Mechatronics Engineering (4 Years, Bachelor of Technology)
504;Puducherry Technological University, Puducherry;Civil Engineering (4 Years, Bachelor of Technology)
505;Puducherry Technological University, Puducherry;Electrical and Electronics Engineering (4 Years, Bachelor of Technology)
506;Puducherry Technological University, Puducherry;Electronics and Instrumentation Engineering (4 Years, Bachelor of Technology)
507;Puducherry Technological University, Puducherry;Computer Science and Engineering (4 Years, Bachelor of Technology)
508;Puducherry Technological University, Puducherry;Mechanical Engineering (4 Years, Bachelor of Technology)
509;Puducherry Technological University, Puducherry;Information Technology (4 Years, Bachelor of Technology)
510;Puducherry Technological University, Puducherry;Chemical Engineering (4 Years, Bachelor of Technology)
511;Ghani Khan Choudhary Institute of Engineering and Technology, Malda, West Bengal;Computer Science Engineering (Artificial lntelligence and Machine Learning) (4 Years, Bachelor of Technology)
512;Ghani Khan Choudhary Institute of Engineering and Technology, Malda, West Bengal;Mechanical Engineering (4 Years, Bachelor of Technology)
513;Ghani Khan Choudhary Institute of Engineering and Technology, Malda, West Bengal;Civil and Environmental Engineering (4 Years, Bachelor of Technology)
514;Ghani Khan Choudhary Institute of Engineering and Technology, Malda, West Bengal;Food Technology (4 Years, Bachelor of Technology)
515;Ghani Khan Choudhary Institute of Engineering and Technology, Malda, West Bengal;Electrical Engineering (4 Years, Bachelor of Technology)
516;Central University of Rajasthan, Rajasthan;Bio Medical Engineering (4 Years, Bachelor of Technology)
517;Central University of Rajasthan, Rajasthan;Electronics and Communication Engineering (4 Years, Bachelor of Technology)
518;Central University of Rajasthan, Rajasthan;Computer Science and Engineering (4 Years, Bachelor of Technology)
519;National Institute of Food Technology Entrepreneurship and Management, Kundli;Food Technology and Management (4 Years, Bachelor of Technology)
520;National Institute of Food Technology Entrepreneurship and Management, Thanjavur;Food Technology (4 Years, Bachelor of Technology)
521;North Eastern Regional Institute of Science and Technology, Nirjuli-791109 (Itanagar),Arunachal Pradesh;Electrical Engineering (4 Years, Bachelor of Technology)
522;North Eastern Regional Institute of Science and Technology, Nirjuli-791109 (Itanagar),Arunachal Pradesh;Civil Engineering (4 Years, Bachelor of Technology)
523;North Eastern Regional Institute of Science and Technology, Nirjuli-791109 (Itanagar),Arunachal Pradesh;Agricultural Engineering (4 Years, Bachelor of Technology)
524;North Eastern Regional Institute of Science and Technology, Nirjuli-791109 (Itanagar),Arunachal Pradesh;Computer Science and Engineering (4 Years, Bachelor of Technology)
525;North Eastern Regional Institute of Science and Technology, Nirjuli-791109 (Itanagar),Arunachal Pradesh;Mechanical Engineering (4 Years, Bachelor of Technology)
526;North Eastern Regional Institute of Science and Technology, Nirjuli-791109 (Itanagar),Arunachal Pradesh;Electronics and Communication Engineering (4 Years, Bachelor of Technology)
527;Indian Institute of Handloom Technology(IIHT), Varanasi;Handloom and Textile Technology (4 Years, Bachelor of Technology)
528;Chhattisgarh Swami Vivekanada Technical University, Bhilai (CSVTU Bhilai);Computer Science Engineering (Data Science) (4 Years, B. Tech / B. Tech (Hons.))
529;Chhattisgarh Swami Vivekanada Technical University, Bhilai (CSVTU Bhilai);Computer Science Engineering (Artificial Intelligence) (4 Years, B. Tech / B. Tech (Hons.))
530;Chhattisgarh Swami Vivekanada Technical University, Bhilai (CSVTU Bhilai);Civil Engineering (4 Years, Bachelor of Technology)
531;Institute of Chemical Technology, Mumbai: Indian Oil Odisha Campus, Bhubaneswar;Chemical Engineering (5 Years, Integrated Masters in Technology)
532;North-Eastern Hill University, Shillong;Energy Engineering (4 Years, Bachelor of Technology)
533;North-Eastern Hill University, Shillong;Electronics and Communication Engineering (4 Years, Bachelor of Technology)
534;North-Eastern Hill University, Shillong;Biomedical Engineering (4 Years, Bachelor of Technology)
535;North-Eastern Hill University, Shillong;Information Technology (4 Years, Bachelor of Technology)
536;Central University of Jammu;Electronics and Communication Engineering (4 Years, Bachelor of Technology)
537;Central University of Jammu;Computer Science and Engineering with specialization in Cyber Security (4 Years, Bachelor of Technology)
538;Central University of Jammu;Computer Science and Engineering (4 Years, Bachelor of Technology)
539;Central University of Jammu;Electronics and Communication Engineering (Avionics) (4 Years, Bachelor of Technology)
540;Institute of Engineering and Technology, Dr. H. S. Gour University. Sagar (A Central University);Computer Science and Engineering (4 Years, Bachelor of Technology)
541;Institute of Engineering and Technology, Dr. H. S. Gour University. Sagar (A Central University);Fashion and Apparel Engineering (4 Years, Bachelor of Technology)
542;Institute of Engineering and Technology, Dr. H. S. Gour University. Sagar (A Central University);Dairy Engineering (4 Years, Bachelor of Technology)
543;Institute of Engineering and Technology, Dr. H. S. Gour University. Sagar (A Central University);Electronics and Communication Engineering (4 Years, Bachelor of Technology)
544;Institute of Engineering and Technology, Dr. H. S. Gour University. Sagar (A Central University);Food Engineering and Technology (4 Years, Bachelor of Technology)
545;Institute of Engineering and Technology, Dr. H. S. Gour University. Sagar (A Central University);Aeronautical Engineering (4 Years, Bachelor of Technology)
546;Central University of Haryana;Printing and Packaging Technology (4 Years, Bachelor of Technology)
547;Central University of Haryana;Electrical Engineering (4 Years, Bachelor of Technology)
548;Central University of Haryana;Computer Science and Engineering (4 Years, Bachelor of Technology)
549;Central University of Haryana;Civil Engineering (4 Years, Bachelor of Technology)
550;Birla Institute of Technology, Deoghar Off-Campus;Electrical and Electronics Engineering (4 Years, Bachelor of Technology)
551;Birla Institute of Technology, Deoghar Off-Campus;Computer Science and Engineering (4 Years, Bachelor of Technology)
552;Birla Institute of Technology, Deoghar Off-Campus;Mechanical Engineering (4 Years, Bachelor of Technology)
553;Birla Institute of Technology, Deoghar Off-Campus;Electronics and Communication Engineering (4 Years, Bachelor of Technology)
554;Birla Institute of Technology, Patna Off-Campus;Civil Engineering (4 Years, Bachelor of Technology)
555;Birla Institute of Technology, Patna Off-Campus;Electronics and Communication Engineering (4 Years, Bachelor of Technology)
556;Birla Institute of Technology, Patna Off-Campus;Electrical and Electronics Engineering (4 Years, Bachelor of Technology)
557;Birla Institute of Technology, Patna Off-Campus;Computer Science and Engineering (4 Years, Bachelor of Technology)
558;Birla Institute of Technology, Patna Off-Campus;Mechanical Engineering (4 Years, Bachelor of Technology)
559;Birla Institute of Technology, Patna Off-Campus;Artificial Intelligence and Machine Learning (4 Years, Bachelor of Technology)
560;Indian Institute of Handloom Technology, Salem;Handloom and Textile Technology (4 Years, Bachelor of Technology)
561;Gati Shakti Vishwavidyalaya, Vadodara;B.Tech in Mechanical Engineering ( Rail Engineering) (4 Years, Bachelor of Technology)
562;Gati Shakti Vishwavidyalaya, Vadodara;B.Tech in Aviation Engineering (4 Years, Bachelor of Technology)
563;Gati Shakti Vishwavidyalaya, Vadodara;B.Tech in Electrical Engineering ( Rail Engineering) (4 Years, Bachelor of Technology)
564;Gati Shakti Vishwavidyalaya, Vadodara;B.Tech in Artificial Intelligenece and Data Science (Transportation and Logistics) (4 Years, Bachelor of Technology)
565;Gati Shakti Vishwavidyalaya, Vadodara;B.Tech in Electronics & Communication Engineering (Rail Engineering) (4 Years, Bachelor of Technology)
566;Gati Shakti Vishwavidyalaya, Vadodara;B.Tech in Civil Engineering (Rail Engineering) (4 Years, Bachelor of Technology)
567;CU Jharkhand;Integrated B. Tech.- M. Tech in Metallurgical & Materials Engineering (5 Years, Integrated B. Tech. and M. Tech.)
568;CU Jharkhand;Integrated B. Tech. - M. Tech in Electrical Engineering (5 Years, Integrated B. Tech. and M. Tech.)
569;CU Jharkhand;Integrated B. Tech. - M. Tech in Civil Engineering (5 Years, Integrated B. Tech. and M. Tech.)
570;CU Jharkhand;Integrated B. Tech. - M. Tech in Computer Science & Engineering (5 Years, Integrated B. Tech. and M. Tech.)
